SRIM carbon energy vs stopping power vs range,,
Source: SRIM-2013,,
In SiC: Density = 1 g/cm3,,
,,
Energy [keV],Projected Range [um],dE/dx Elec. [keV/um*cm3/g]
1,0.0104,16.68
1.1,0.0112,17.5
1.2,0.0119,18.28
1.3,0.0127,19.02
1.4,0.0134,19.74
1.5,0.0141,20.43
1.6,0.0149,21.1
1.7,0.0156,21.75
1.8,0.0163,22.38
2,0.0177,23.6
2.25,0.0195,25.03
2.5,0.0213,26.38
2.75,0.023,27.67
3,0.0247,28.9
3.25,0.0264,30.08
3.5,0.0281,31.21
3.75,0.0298,32.31
4,0.0315,33.37
4.5,0.0349,35.39
5,0.0383,37.31
5.5,0.0417,39.13
6,0.045,40.87
6.5,0.0483,42.54
7,0.0517,44.14
8,0.0583,47.19
9,0.065,50.05
10,0.0716,52.76
11,0.0782,55.34
12,0.0848,57.8
13,0.0914,60.16
14,0.098,62.43
15,0.1045,64.62
16,0.1111,66.74
17,0.1176,68.79
18,0.1241,70.79
20,0.137,74.61
22.5,0.153,79.14
25,0.1689,84.19
27.5,0.1844,89.78
30,0.1997,94.69
32.5,0.2147,99.03
35,0.2295,102.9
37.5,0.2442,106.4
40,0.2588,109.5
45,0.2876,115.2
50,0.3161,120.3
55,0.3442,124.9
60,0.3721,129.1
65,0.3996,133.1
70,0.4269,136.8
80,0.4807,143.6
90,0.5335,149.9
100,0.5853,155.7
110,0.6363,161.2
120,0.6863,166.5
130,0.7355,171.6
140,0.7839,176.6
150,0.8314,181.5
160,0.8781,186.3
170,0.924,191.1
180,0.9691,195.8
200,1.06,205.3
225,1.16,217.1
250,1.26,228.8
275,1.36,240.5
300,1.46,252
325,1.55,263.4
350,1.63,274.5
375,1.72,285.3
400,1.8,295.8
450,1.95,316
500,2.1,335
550,2.24,352.7
600,2.37,369.2
650,2.5,384.5
700,2.63,398.8
800,2.86,424.5
900,3.09,446.6
1000,3.3,465.8
1100,3.51,482.3
1200,3.71,496.6
1300,3.91,509
1400,4.1,519.7
1500,4.29,529
1600,4.47,537
1700,4.66,544
1800,4.84,550
2000,5.2,559.8
2250,5.64,568.4
2500,6.07,574.2
2750,6.51,577.8
3000,6.94,579.7
3250,7.37,580.5
3500,7.8,580.3
3750,8.23,579.4
4000,8.66,577.9
4500,9.52,573.8
5000,10.4,568.7
5500,11.28,563
6000,12.17,556.9
6500,13.07,550.6
7000,13.98,544.3
8000,15.84,531.8
9000,17.74,519.7
10000,19.68,507.9
11000,21.67,496.6
12000,23.7,485.8
13000,25.78,475.5
14000,27.9,465.5
15000,30.06,456
16000,32.28,446.8
17000,34.53,438
18000,36.84,429.4
20000,41.58,413.3
22500,47.76,394.6
25000,54.23,378.2
27500,60.98,361.5
30000,68.06,344.7
32500,75.46,330.5
35000,83.18,317.3
37500,91.21,305.1
40000,99.55,293.7
45000,117.2,273.1
50000,136.14,255
55000,156.38,239
60000,177.94,224.8
65000,200.82,212.2
70000,225.03,200.8
80000,277.41,181.4
90000,335.13,165.4
100000,398.17,152.1
,466.48,
,540.02,
,618.72,
,702.5,
,791.27,
,884.96,
,983.47,
,1090,
,1310,
,1610,
,1940,
,2290,
,2670,
,3080,
,3510,
,3970,
,4460,
,5500,
,6650,
,7880,
,9210,
,10630,
,12140,
,15420,
,19030,
,22960,
