SRIM proton energy vs stopping power vs range,,
Source: SRIM-2013,,
In SiC: Density = 1 g/cm3,,
,,
Energy [keV],Projected Range [um],dE/dx Elec. [keV/um*cm3/g]
1,0.04,11.63
1.1,0.0436,12.2
1.2,0.0472,12.74
1.3,0.0507,13.26
1.4,0.0543,13.76
1.5,0.0578,14.25
1.6,0.0612,14.71
1.7,0.0647,15.17
1.8,0.0681,15.61
2,0.0749,16.45
2.25,0.0833,17.37
2.5,0.0915,18.25
2.75,0.0997,19.1
3,0.1077,19.91
3.25,0.1156,20.69
3.5,0.1234,21.44
3.75,0.1311,22.16
4,0.1387,22.85
4.5,0.1536,24.14
5,0.1682,25.33
5.5,0.1825,26.43
6,0.1965,27.46
6.5,0.2102,28.43
7,0.2237,29.36
8,0.2501,31.13
9,0.2755,32.82
10,0.3002,34.44
11,0.3242,35.99
12,0.3475,37.49
13,0.3701,38.92
14,0.3922,40.28
15,0.4137,41.57
16,0.4348,42.8
17,0.4554,43.96
18,0.4756,45.05
20,0.515,47.05
22.5,0.5626,49.23
25,0.6087,51.09
27.5,0.6537,52.67
30,0.6976,54.01
32.5,0.7409,55.14
35,0.7834,56.09
37.5,0.8256,56.88
40,0.8673,57.55
45,0.9498,58.54
50,1.03,59.18
55,1.11,59.54
60,1.19,59.7
65,1.28,59.68
70,1.36,59.52
80,1.52,58.9
90,1.69,58
100,1.86,56.92
110,2.04,55.74
120,2.21,54.5
130,2.4,53.26
140,2.59,52.02
150,2.78,50.81
160,2.97,49.63
170,3.18,48.49
180,3.38,47.4
200,3.81,45.36
225,4.37,43.05
250,4.96,40.99
275,5.58,39.15
300,6.23,37.5
325,6.91,36.01
350,7.61,34.66
375,8.34,33.43
400,9.1,32.31
450,10.69,30.33
500,12.38,28.63
550,14.17,27.15
600,16.05,25.86
650,18.02,24.72
700,20.08,23.69
800,24.45,21.94
900,29.16,20.48
1000,34.18,19.24
1100,39.51,18.2
1200,45.15,17.17
1300,51.11,16.27
1400,57.39,15.49
1500,63.97,14.78
1600,70.86,14.15
1700,78.05,13.57
1800,85.53,13.05
2000,101.36,12.13
2250,122.75,11.17
2500,145.89,10.37
2750,170.74,9.683
3000,197.27,9.094
3250,225.46,8.581
3500,255.27,8.129
3750,286.69,7.727
4000,319.69,7.368
4500,390.33,6.75
5000,467.1,6.238
5500,549.88,5.806
6000,638.58,5.435
6500,733.09,5.113
7000,833.34,4.831
8000,1050,4.36
9000,1290,3.98
10000,1550,3.666
11000,1830,3.403
12000,2140,3.179
13000,2460,2.985
14000,2800,2.816
15000,3170,2.666
16000,3550,2.534
17000,3950,2.415
18000,4380,2.308
20000,5280,2.123
22500,6510,1.933
25000,7850,1.778
27500,9310,1.648
30000,10870,1.538
32500,12550,1.443
35000,14330,1.361
37500,16210,1.289
40000,18190,1.225
45000,22460,1.116
50000,27110,1.028
55000,32150,0.9542
60000,37560,0.8919
65000,43320,0.8385
70000,49440,0.7922
80000,62690,0.7158
90000,77260,0.6552
100000,93090,0.6061
110000,110140,0.5653
120000,128350,0.531
130000,147680,0.5016
140000,168090,0.4763
150000,189550,0.4541
160000,212010,0.4346
170000,235440,0.4172
180000,259800,0.4018
200000,311210,0.3753
225000,380200,0.3485
250000,454100,0.327
275000,532550,0.3093
300000,615220,0.2946
325000,701790,0.282
350000,792000,0.2713
375000,885610,0.262
400000,982370,0.2539
450000,1180000,0.2404
500000,1400000,0.2297
550000,1620000,0.221
600000,1850000,0.2139
650000,2080000,0.208
700000,2330000,0.203
800000,2830000,0.1951
900000,3350000,0.1893
1000000,3880000,0.1848
