SRIM helium energy vs stopping power vs range,,
Source: SRIM-2013,,
In SiC: Density = 1 g/cm3,,
,,
Energy [keV],Projected Range [um],dE/dx Elec. [keV/um*cm3/g]
1,0.0244,9.374
1.1,0.0266,9.831
1.2,0.0288,10.27
1.3,0.031,10.69
1.4,0.0332,11.09
1.5,0.0354,11.48
1.6,0.0376,11.86
1.7,0.0398,12.22
1.8,0.0421,12.58
2,0.0465,13.26
2.25,0.0521,14.06
2.5,0.0576,14.82
2.75,0.0632,15.54
3,0.0687,16.24
3.25,0.0743,16.9
3.5,0.0798,17.54
3.75,0.0854,18.15
4,0.0909,18.75
4.5,0.102,19.88
5,0.113,20.96
5.5,0.1239,21.98
6,0.1348,22.96
6.5,0.1456,23.9
7,0.1564,24.8
8,0.1777,26.51
9,0.1987,28.13
10,0.2194,29.64
11,0.2398,31.07
12,0.2599,32.44
13,0.2798,33.75
14,0.2993,35.04
15,0.3186,36.31
16,0.3375,37.56
17,0.3562,38.8
18,0.3746,40.03
20,0.4105,42.43
22.5,0.4539,45.34
25,0.4957,48.12
27.5,0.536,50.78
30,0.5751,53.33
32.5,0.613,55.76
35,0.6497,58.09
37.5,0.6855,60.32
40,0.7204,62.45
45,0.7878,66.48
50,0.8523,70.22
55,0.9143,73.73
60,0.9742,77.04
65,1.03,80.2
70,1.09,83.22
80,1.2,88.91
90,1.3,94.21
100,1.4,99.15
110,1.49,103.8
120,1.58,108
130,1.67,112.1
140,1.75,115.8
150,1.83,119.3
160,1.91,122.5
170,1.99,125.5
180,2.07,128.3
200,2.22,133.4
225,2.4,138.7
250,2.57,143.2
275,2.74,146.9
300,2.91,150
325,3.07,152.5
350,3.23,154.5
375,3.39,156.1
400,3.55,157.4
450,3.86,159
500,4.17,159.7
550,4.48,159.7
600,4.79,159.2
650,5.11,158.3
700,5.42,157.1
800,6.06,154
900,6.72,150.4
1000,7.39,146.6
1100,8.08,142.8
1200,8.79,138.9
1300,9.52,135.2
1400,10.27,131.6
1500,11.04,128.1
1600,11.83,124.7
1700,12.64,121.5
1800,13.47,118.5
2000,15.2,112.8
2250,17.48,106.4
2500,19.89,100.7
2750,22.43,95.65
3000,25.1,91.12
3250,27.9,87.03
3500,30.83,83.33
3750,33.89,79.97
4000,37.07,76.9
4500,43.81,71.49
5000,51.02,66.88
5500,58.72,62.9
6000,66.89,59.43
6500,75.51,56.36
7000,84.59,53.64
8000,104.07,49.01
9000,125.27,45.26
10000,148.25,41.76
11000,173,38.99
12000,199.44,36.6
13000,227.55,34.51
14000,257.29,32.68
15000,288.64,31.05
16000,321.59,29.6
17000,356.11,28.29
18000,392.18,27.1
20000,468.9,25.03
22500,573.25,22.89
25000,686.85,21.12
27500,809.52,19.63
30000,941.12,18.35
32500,1080,17.25
35000,1230,16.28
37500,1390,15.43
40000,1550,14.67
45000,1910,13.38
50000,2300,12.31
55000,2720,11.42
60000,3170,10.66
65000,3660,10
70000,4170,9.43
80000,5290,8.479
90000,6530,7.72
100000,7880,7.098
,9340,
,10910,
,12590,
,14380,
,16270,
,18260,
,20360,
,22550,
,27230,
,33610,
,40570,
,48090,
,56160,
,64750,
,73860,
,83470,
,93570,
,115160,
,138560,
,163700,
,190490,
,218850,
,248730,
,312700,
,382020,
,456270,
